{
    "DummyClassifier": {
        "accuracy": 0.6766666666666666,
        "f1_score": 0.0,
        "roc_auc": 0.5
    },
    "LogisticRegression": {
        "accuracy": 0.8275,
        "f1_score": 0.7076271186440678,
        "roc_auc": 0.8746905312071505
    },
    "DecisionTree": {
        "accuracy": 0.865,
        "f1_score": 0.7868421052631579,
        "roc_auc": 0.9121687890406784
    },
    "RandomForest": {
        "accuracy": 0.9258333333333333,
        "f1_score": 0.8792401628222524,
        "roc_auc": 0.9665757833528008
    },
    "GradientBoosting": {
        "accuracy": 0.9304166666666667,
        "f1_score": 0.8885923949299533,
        "roc_auc": 0.9716534520847088
    }
}