{
    "DummyClassifier": {
        "accuracy": 0.6766666666666666,
        "f1_score": 0.0,
        "roc_auc": 0.5
    },
    "LogisticRegression": {
        "accuracy": 0.8275,
        "f1_score": 0.7076271186440678,
        "roc_auc": 0.8746905312071505
    },
    "DecisionTree": {
        "accuracy": 0.8766666666666667,
        "f1_score": 0.8,
        "roc_auc": 0.9069205157178407
    },
    "RandomForest": {
        "accuracy": 0.9258333333333333,
        "f1_score": 0.8792401628222524,
        "roc_auc": 0.9665757833528008
    },
    "GradientBoosting": {
        "accuracy": 0.9191666666666667,
        "f1_score": 0.8685636856368564,
        "roc_auc": 0.9640024313137981
    }
}